Keyword,Rank,Title,Link,Snippet
Sri Lanka holiday packages,1,Getaway Sri Lanka: Sri Lanka Holidays,https://www.getawaysrilanka.com.au/,"Sri Lanka Holiday Packages ; scenic sri lanka tour card. Adventure Getaway Tour. from. $1,270. $1,465. per person twin share ; RIU getaway tour card. All ..."
Sri Lanka holiday packages,2,57 Sri Lanka Tour Package Starts @ Rs.48529 Book Now !,https://www.makemytrip.com/holidays-international/sri_lanka-vacation-tour-packages.html,It will cost you not more than $20 to $30 per person per a day during your entire trip. You will find a fascinating Sri Lanka itinerary starting as low as ₹ ...
Sri Lanka holiday packages,3,18 Sri Lanka Tour Packages - Upto ₹28000 Off on Sri Lanka trip ...,https://www.thomascook.in/holidays/india-tour-packages/sri-lanka-tour-packages,Sri Lanka Tour Packages - Upto Rs.28000 Off · Peak season for Sri Lanka tourism. The period from December to March is widely considered the best time to visit ...
Sri Lanka holiday packages,4,This is 40: how a trip to Sri Lanka made me realise I'm exactly where ...,https://www.flashpack.com/solo/relationships/turning-40-your-way/,"May 31, 2022 ... As an author and full-time entertainment attorney based in Los Angeles, I didn't have much time to plan a detailed travel itinerary. Nor did I ..."
Sri Lanka holiday packages,5,Is Sri Lanka worth visiting? : r/travel,https://www.reddit.com/r/travel/comments/1abgf03/is_sri_lanka_worth_visiting/,"Jan 26, 2024 ... Colombo was a surprisingly enjoyable city - we did a really good food tour, tried lots of tea and coffee etc. and just generally had a pleasant ..."
Sri Lanka holiday packages,6,Sri Lanka Holidays & Package Deals 2024/2025 - Luxury Escapes AU,https://luxuryescapes.com/au/sri-lanka.holiday-packages,Sri Lanka Holiday Package deals for travel in 2024/2025. Save on luxury hotel + flight bundles. Get exclusive inclusions.
Sri Lanka holiday packages,7,Book Maldives from Sri Lanka - Holiday Travel Forum - Tripadvisor,https://www.tripadvisor.com/ShowTopic-g1-i12334-k5050604-Book_Maldives_from_Sri_Lanka-Holiday_Travel.html,"Jan 8, 2012 ... Answer 1 of 5: Hi, my husband and I will be travelling around Asia for a few months and want to end our trip in the Maldives."
Sri Lanka holiday packages,8,Sri Lanka Vacation Packages 2024/2025 from $416 | Expedia,https://www.expedia.com/Sri-Lanka.d167.Destination-Travel-Guides,Bundle your Sri Lanka flight + hotel & save up to 100% off your flight with Expedia. FREE cancellation on select hotels.
Sri Lanka holiday packages,9,Sri Lanka vacation packages from $898 | KAYAK,https://www.kayak.com/packages/sri-lanka,Looking for package deals on your vacation to Sri Lanka? Find Sri Lanka flight + hotel deals. Latest prices for 2 travelers/3 nights: 3-star $443; ...
Sri Lanka holiday packages,10,Sri Lanka Holidays 2024/2025 | TUI.co.uk,https://www.tui.co.uk/destinations/indian-ocean/sri-lanka/holidays-sri-lanka.html,ATOL protection does not apply to the other holiday and travel services listed on this website. All non-flight package holidays on this website are financially ...
Sri Lanka holiday packages,11,Sri Lanka Holiday Packages | Sri Lanka Wildlife Tour | Exodus,https://www.exodustravels.com/trips/sri-lanka-holidays/culture/discover-sri-lanka/ail,"From tea hills to golden sands, Buddhist temples to safari parks: the Pearl of the Indian Ocean exceeds expectations Uncover the highlights of Sri Lanka, ..."
Sri Lanka holiday packages,12,Best Sri Lanka Tours & Vacations 2025/2026 | Intrepid Travel US,https://www.intrepidtravel.com/us/sri-lanka,Sri Lanka Tours & Vacations. Woman in red dress standing next to a tuk tuk taxi in Sri Lankan street. Pristine rainforest.
Sri Lanka holiday packages,13,Sri Lanka Holidays & Package Deals 2024 | Expedia,https://www.expedia.com.au/Sri-Lanka.d167.Destination-Travel-Guides,Fully refundable rates on most hotels ✓ Looking for Sri Lanka holidays? Expedia brings you the best package deals for your trip to Sri Lanka.
Sri Lanka holiday packages,14,All inclusive Sri Lanka holiday with Etihad Holidays,https://www.etihadholidays.co.uk/sri-lanka/all-inclusive/,"No matter if you are planning your family, a romantic getaway with your partner or a solo travel, choosing Sri Lanka as your holiday destination is always a ..."
Sri Lanka holiday packages,15,The Best Sri Lanka Tours & Trips 2024/2025 - TourRadar,https://www.tourradar.com/d/sri-lanka,Sri Lanka tours for every type of group · Itineraries between 3 days and 26 days · Starting from $19 per day.
Sri Lanka holiday packages,16,India & Sri Lanka On Sale - Flights & Holiday Packages - House of ...,https://www.houseoftravel.co.nz/on-sale/asia/india-and-sri-lanka,"House of Travel's very best holiday packages for India & Sri Lanka. Learn more about our accommodation, flights, touring and sightseeing deals."
Sri Lanka holiday packages,17,Sri Lanka Travel & 2024 Holiday Packages | Thompsons Holidays »,https://www.thompsons.co.za/our-destinations/far-east/sri-lanka,"Explore Sri Lanka with our affordable 2024 holiday packages. Travel to Sri Lanka with its abundant wildlife, delicious food, overgrown ruins & welcoming ..."
Sri Lanka holiday packages,18,Holiday Packages to Sri Lanka from United Arab Emirates @ AED ...,https://holidays.flydubai.com/en-ae/cheap-holiday-packages/holiday-packages-to-sri-lanka/,Search and book cheap holiday packages to Sri Lanka from United Arab Emirates with Holidays by flydubai. Book your flights + hotel package to Sri Lanka and ...
Sri Lanka holiday packages,19,Recommended Luxury Journeys to Sri Lanka | Abercrombie & Kent,https://www.abercrombiekent.com/travel-destinations/india-himalayas-luxury-travel/sri-lanka/sri-lanka-vacation-packages,"Luxury Small Group Journeys feature an average of 14 guests, a Resident Tour ... Sri Lanka: Splendors of the Spice Island 2025 ... Lanka. Luxury Tailor Made Travel ..."
Sri Lanka holiday packages,20,155 Sri Lanka Tour Packages 2024 - Upto 20% Off,https://traveltriangle.com/tour-packages/sri-lanka,Places To Explore On Sri Lanka Tour · 1. Bentota · 2. Trincomalee · 3. Negombo · 4. Polonnaruwa · 5. Dambulla · 6. Yala National Park · 7. Pinnawala Elephant Orphanage.
Maldives honeymoon packages,1,Luxury Maldives Honeymoon Packages | Anantara Veli Honeymoon ...,https://www.anantara.com/en/veli-maldives/offers/honeymoon-and-romance,"Celebrating love in inspirational ways, our special couple's getaway spoils you with thoughtful indulgence. Read reviews Book your stay for a minimum of 4 ..."
Maldives honeymoon packages,2,Maldives All Inclusive Honeymoon Package Specials with Dubai,https://www.unforgettablehoneymoons.com/honeymoon-destinations/maldives/,"We specialize in Maldives All-Inclusive Resorts, Maldives Luxury Overwater Pool Bungalows, and Maldives Honeymoons combined with a stay in Dubai, or combined ..."
Maldives honeymoon packages,3,Maldives Honeymoon Package & Romantic Getaway | Four ...,https://www.fourseasons.com/maldiveskh/offers/romance-in-paradise-10-off/,Enjoy 10% off the Bed and Breakfast rate at Four Seasons Resort Maldives at Kuda Huraa. Book now!
Maldives honeymoon packages,4,THE 10 BEST Maldives Honeymoon Resorts 2024 (with Prices ...,https://www.tripadvisor.com/HotelsList-Maldives-Honeymoon-Resorts-zfp215251.html,Maldives Honeymoon Resorts. Planning a romantic trip? These charming getaways are perfect for rekindling the spark.
Maldives honeymoon packages,5,Maldives honeymoon resorts (<1k usd/night) : r/chubbytravel,https://www.reddit.com/r/chubbytravel/comments/1aes75l/maldives_honeymoon_resorts_1k_usdnight/,"Jan 30, 2024 ... Also the board package, if this is B&B and it is a totally different level to if you want AI. Adults only is also less popular in the Maldives ..."
Maldives honeymoon packages,6,Maldives Honeymoon Resorts & Hotels from $528 - Fully ...,https://www.expedia.com/Destinations-In-Maldives-Honeymoon-Hotels.0-0-d109-tHoneymoonHotels.Hotel-Filter-Destinations,"Pick from 130 Maldives Honeymoon Resorts & Hotels with updated room rates, reviews, and availability. Most hotels are fully refundable. · Meeru Maldives Resort ..."
Maldives honeymoon packages,7,Maldives Honeymoon Packages at Best Prices in 2024 - Book Now!,https://www.makemytrip.com/holidays-international/maldives-honeymoon-packages.html,"Whether you're looking for a Honeymoon package to relax and indulge, special holidays in Maldives with friends and family, a trip to your favourite chillout ..."
Maldives honeymoon packages,8,Maldives honeymoon advice!! : r/maldives,https://www.reddit.com/r/maldives/comments/t11vdv/maldives_honeymoon_advice/,"Feb 25, 2022 ... There was a sea turtle that hung out around the one part of the island and we were lucky enough to see him one day. Prices were pretty ..."
Maldives honeymoon packages,9,Maldives Honeymoon Holidays Packages & Deals 2024/2025 ...,https://luxuryescapes.com/us/maldives.honeymoon.holiday-packages,"Discover the best Maldives,Maldives holiday package deals. Save on luxury hotel + flight packages, with exclusive inclusions only at Luxury Escapes."
Maldives honeymoon packages,10,36 Maldives Honeymoon Packages: Book @Upto 50% Off,https://www.thrillophilia.com/countries/maldives/tags/honeymoon,"Maldives Honeymoon Packages ; Sun Siyam Olhuveli, Maldives, 4 days & 3 nights. USD 740.25 ; Paradise Island Resort Maldives, 5 days & 4 nights. USD 959.36 ; OBLU ..."
Maldives honeymoon packages,11,Maldives Honeymoons & Honeymoon Packages 2024/25,https://www.honeymoondreams.co.uk/category/destinations/indian-ocean/maldives/,"Maldives ... Escape at Dhigali Island, a premium all-inclusive resort where you can leave behind the hustle and bustle of everyday life and immerse yourself in ..."
Maldives honeymoon packages,12,Maldives Honeymoon - Get Deals on Maldives Honeymoon Packages,https://www.thomascook.in/holidays/international-honeymoon-packages/maldives-honeymoon-packages,It is a one-stop shop to find all your travel needs from accommodation to meals to building the perfect itinerary to enhance the experience of your honeymoon ...
Maldives honeymoon packages,13,Maldives Honeymoon Packages from India - Book Maldives Tour ...,https://traveltriangle.com/honeymoon-packages/maldives,"Pick Maldives honeymoon packages - Enjoy a vacation like no other with our Maldives tour packages for couples. Visit Maafushi Island, Male Atoll, ..."
Maldives honeymoon packages,14,Honeymoon Packages and Romantic Holiday Deals | Maldives ...,https://maldivesresorts.com.au/packages/honeymoon-packages/,Honeymoon packages to the Maldives are unique and very special. Check out deals and packages offered by our five star resort partners.
Maldives honeymoon packages,15,Maldives Honeymoon Packages | Away Holidays,https://www.awayholidays.co.uk/indianocean/maldives/honeymoon-holidays/,"Beautiful islands peppered across the azure ocean, palm fringed beaches, secluded coves and bays, brilliant marine life, and most of all a laid back and ..."
Maldives honeymoon packages,16,Affordable Maldives Honeymoon Packages | GT Holidays,https://www.gtholidays.in/honeymoon-packages/maldives/,Book customized and all-inclusive Maldives honeymoon packages at incredibly low prices. Packages start at INR 20K.
Maldives honeymoon packages,17,Maldives Honeymoon Packages | Fall in Love with My Maldives!,https://www.mymaldives.com.au/honeymoon-packages/,"Our honeymoon packages include flights, accommodation and bonus-value inclusions, so everything is taken care of and all you have to do is pack!"
Maldives honeymoon packages,18,Honeymoon Resorts in the Maldives | W Maldives,https://www.marriott.com/en-us/hotels/mlewh-w-maldives/events/,Celebrate your honeymoon in W Maldives with the perfect package for you and your loved one. ... One-time AWAY Spa Bonus – Extra 30 minutes per person when taking ...
Maldives honeymoon packages,19,Honeymoon Package | OUTRIGGER Maldives Maafushivaru Resort,https://www.outrigger.com/offers/mam/honeymoon-package,"Your ultimate honeymoon awaits, includes breakfast and dinner daily for two, a romantic candle light dinner and more."
Maldives honeymoon packages,20,10 Best Maldives Honeymoon Resorts & Hotels for 2024 | Expedia,https://www.expedia.ca/Destinations-In-Maldives-Honeymoon-Hotels.0-0-d109-tHoneymoonHotels.Hotel-Filter-Destinations,Top Maldives Honeymoon Resorts and Hotels · Meeru Maldives Resort Island · Velassaru Maldives · Hurawalhi Island Resort · Coco Palm Dhuni Kolhu · Ellaidhoo Maldives ...
Best luxury travel in Sri Lanka,1,Sri Lanka luxury travel guide: best hotels and what to do,https://www.harpersbazaar.com/uk/travel/a40485365/sri-lanka-luxury-guide/,"Jan 18, 2023 ... Whether you want culture, beaches or adventure, Sri Lanka has it all on the menu. It also offers a roaring safari trade."
Best luxury travel in Sri Lanka,2,"Best Sri Lanka Tours, Trips, Luxury Travel & Vacations ...",https://www.abercrombiekent.com/travel-destinations/india-himalayas-luxury-travel/sri-lanka,"Explore Sri Lanka on a luxury tour with A&K to witness the countries diverse landscape, exotic animals, and learn about the nations rich Buddhist heritage."
Best luxury travel in Sri Lanka,3,Luxury Escapes Tour - Sri Lanka Forum - Tripadvisor,https://www.tripadvisor.com/ShowTopic-g293961-i8983-k10603819-Luxury_Escapes_Tour-Sri_Lanka.html,"Jun 24, 2017 ... ... tours are from Travel Agents outside of Sri Lanka. My experience in other Asian countries is best to book with local tour company. Any ..."
Best luxury travel in Sri Lanka,4,Sarah Groen | Luxury Travel Expert | Sri Lanka should be near the ...,https://www.instagram.com/sarahgoesglobal/p/C-soSk1BRzO/,"Aug 15, 2024 ... Sri Lanka should be near the top of your travel wishlist! The country is full of gorgeous beaches , tea plantations , UNESCO World ..."
Best luxury travel in Sri Lanka,5,Travel guide to Sri Lanka - The Luxury Travel Expert,https://theluxurytravelexpert.com/sri-lanka/,"Get the most out of your trip to Sri Lanka with my travel guide: best time to visit, getting around, suggested itineraries, highlights & recommended hotels."
Best luxury travel in Sri Lanka,6,An honest AMANWELLA review - The best luxury hotel in Sri Lanka?,https://www.annees-de-pelerinage.com/amanwella-review-the-best-luxury-hotel-in-sri-lanka/,"Mar 17, 2019 ... Just what you were looking for? Well then, you are in for a treat: Amanwella, the best luxury hotels in Tangalle, offers you just that in ..."
Best luxury travel in Sri Lanka,7,The best hotels in Sri Lanka 2024 | CN Traveller,https://www.cntraveller.com/gallery/sri-lanka-hotels,"Aug 6, 2024 ... The best hotels in Sri Lanka · Fort Bazaar. Sandun de Silva. Fort Bazaar. For Middle Eastern chic. Teardrop Hotels' Fort Bazaar, bang in the ..."
Best luxury travel in Sri Lanka,8,Luxury Sri Lanka Tours,https://www.artisansofleisure.com/tour/Sri_Lanka_tours_luxury_travel.php,Preferred rooms in Sri Lanka's best hotels and resorts · Your own private guide and driver for flexible touring based on your interests · Highly personalized ...
Best luxury travel in Sri Lanka,9,These Luxury Hotels Put Sri Lanka On The Map—And They Keep ...,https://www.forbes.com/sites/annabel/2024/07/16/these-luxury-hotels-put-sri-lanka-on-the-map-and-they-keep-innovating/,"Jul 16, 2024 ... These Luxury Hotels Put Sri Lanka On The Map—And They Keep Innovating · Ceylon Tea Trails · Wild Coast Tented Lodge · Cape Weligama · Forbes ..."
Best luxury travel in Sri Lanka,10,"Luxury Sri Lanka Tours, Private & Tailor-made | Jacada Travel",https://www.jacadatravel.com/indian-subcontinent/sri-lanka/,"Indulge in luxury travel to Sri Lanka with tailor-made trips. Explore verdant tea plantations, palm-lined beaches and wildlife-abundant national parks."
Best luxury travel in Sri Lanka,11,Thoughts on Sri Lanka as a potential destination? : r/travelagents,https://www.reddit.com/r/travelagents/comments/1fi8316/thoughts_on_sri_lanka_as_a_potential_destination/,"Sep 16, 2024 ... Yes, Sri Lanka is and in future also is one of the best luxury destinations compared to any other Island destination of Asia. I have been ..."
Best luxury travel in Sri Lanka,12,SOLO TRAVEL IN SRI LANKA: A DETAILED GUIDE ABOUT MY ...,https://bomkanari.com/blog/solo-travel-in-sri-lanka,"Jan 25, 2023 ... I think Sri Lanka is the best ... Sri Lanka is a very cheap country, so luxury hotels are usually a lot cheaper in Sri Lanka compared to other ..."
Best luxury travel in Sri Lanka,13,Exploring Sri Lanka with Walkers Tours • The Blonde Abroad,https://www.theblondeabroad.com/exploring-sri-lanka-walkers-tours/,"... trip through Sri Lanka, and that's why I think that a tour company is a great way to do that. Thanks to Walkers Tours, I was able to see so many things in ..."
Best luxury travel in Sri Lanka,14,One Week Sri Lanka Luxury Itinerary - LAX to Luxury,https://laxtoluxury.com/one-week-sri-lanka-luxury-itinerary/,"Jun 13, 2021 ... Days 1-3: Sri Lanka's Tea Region. Ceylon Tea Trails ; Days 3-4: Udawalawe. Where to stay ; Days 4-5: Yala National Park. Wild Coast Tented Lodge ..."
Best luxury travel in Sri Lanka,15,Sri Lanka: A 12-Day Luxury Itinerary - Wander Mum,https://www.wandermum.co.uk/sri-lanka-12-day-luxury-itinerary/,"Nov 6, 2016 ... It is best to visit the temple during prayers. If you go to Kandy during July/August you will see Esala Perahera, a 10-day festival which ..."
Best luxury travel in Sri Lanka,16,Sri Lanka Luxury Travel | Luxury Hotels & Tours | Remote Lands,https://www.remotelands.com/country/sri-lanka,"Let Remote Lands, the world's foremost luxury Asia travel designer, guide you to the beaches, elephants, plantations and exclusive hotels & resorts of Sri ..."
Best luxury travel in Sri Lanka,17,Luxury Sri Lanka Vacations | Luxury Vacations | Scott Dunn US,https://www.scottdunn.com/us/sri-lanka,Top Hotels in Sri Lanka · CHOICE. Anantara Peace Haven Tangalle Resort Luxury Hotel · CHOICE. Gal Oya Lodge Classic Lodge · CHOICE. Water Garden Sigiriya Boutique ...
Best luxury travel in Sri Lanka,18,The Cost of Travel in Sri Lanka: My Detailed Budget Breakdown,https://www.neverendingfootsteps.com/cost-of-travel-sri-lanka-budget/,"Jul 8, 2024 ... ... luxury traveller in search of excellent value. My best friend is Sri Lankan, so I grew up hearing stories of her homeland and seeing photos ..."
Best luxury travel in Sri Lanka,19,Luxury Sri Lanka Holidays | Luxury Holidays | Scott Dunn UK,https://www.scottdunn.com/sri-lanka,Top Hotels in Sri Lanka · CHOICE. Anantara Peace Haven Tangalle Resort Luxury Hotel · CHOICE. Gal Oya Lodge Classic Lodge · CHOICE. Water Garden Sigiriya Boutique ...
Best luxury travel in Sri Lanka,20,Best boutique and luxury hotels in Sri Lanka | Mr & Mrs Smith,https://www.mrandmrssmith.com/destinations/sri-lanka/hotels,"Discover and book the best boutique and luxury hotels in Sri Lanka, from five-star hotels to cutting-edge boutique retreats. You see, we're experienced in ..."
Affordable Sri Lanka tours,1,The Cost of Travel in Sri Lanka: My Detailed Budget Breakdown,https://www.neverendingfootsteps.com/cost-of-travel-sri-lanka-budget/,"Jul 8, 2024 ... This budget breakdown covers how much I spent on accommodation, transportation, activities, and food while I travelled around the country."
Affordable Sri Lanka tours,2,Top 10 Sri Lanka Tours & Vacation Packages 2024/2025 ...,https://www.affordabletours.com/d/sri_lanka/,"If you take an all-inclusive luxury tour of the island, the price begins at $6,050 per person for 13 days. Learn More About Sri Lanka Tours. Blog Image"
Affordable Sri Lanka tours,3,Is Sri Lanka worth visiting? : r/travel,https://www.reddit.com/r/travel/comments/1abgf03/is_sri_lanka_worth_visiting/,"Jan 26, 2024 ... It's cheap (like $40-50/ish a day and they travel with you throughout the country) and they act as sort of a loose tour guide of sorts. Much ..."
Affordable Sri Lanka tours,4,10 Best Budget Sri Lanka Tours & Trips 2024/2025 - TourRadar,https://www.tourradar.com/l/d-budget-sri-lanka,Find the right budget tour in Sri Lanka with TourRadar. Choose from 115 trips with 2281 customer reviews. Book now and save with TourRadar.com!
Affordable Sri Lanka tours,5,Guatemala or Sri Lanka? : r/travel,https://www.reddit.com/r/travel/comments/1es1r7g/guatemala_or_sri_lanka/,"Aug 14, 2024 ... Sri Lanka: Pros: Affordable, amazing food, easy to travel around, incredible wildlife, rich culture, and stunning natural landscapes."
Affordable Sri Lanka tours,6,THE BEST budget tour operator you will find in Sri Lanka!! - Review ...,https://www.tripadvisor.com/ShowUserReviews-g304138-d12420223-r824013934-Ceylon_Classic_Tours-Kandy_Kandy_District_Central_Province.html,"Jan 5, 2022 ... Ceylon Classic Tours: THE BEST budget tour operator you will find in Sri Lanka!! - See 107 traveler reviews, 61 candid photos, ..."
Affordable Sri Lanka tours,7,Can you share a detailed budget for your Sri Lanka trip including all ...,https://www.quora.com/Can-you-share-a-detailed-budget-for-your-Sri-Lanka-trip-including-all-the-expenses-made,"Jun 20, 2023 ... Hi. So we went for a 4 night 5 day trip. Costed around 1.2L with the flight tickets. Here are the details."
Affordable Sri Lanka tours,8,One Life Adventures Sri Lanka: An honest tour review – Finding Alexx,https://findingalexx.com/one-life-adventures-sri-lanka-review/,"Jun 19, 2024 ... ... Sri Lanka tour. After spending some time solo in the Maldives, Sri Lanka was an easy (and affordable!) option for my next stop on my round ..."
Affordable Sri Lanka tours,9,SOLO TRAVEL IN SRI LANKA: A DETAILED GUIDE ABOUT MY ...,https://bomkanari.com/blog/solo-travel-in-sri-lanka,"Jan 25, 2023 ... Budget, luxury whatever you desire. Sri Lanka is a very cheap country, so luxury hotels are usually a lot cheaper in Sri Lanka compared to other ..."
Affordable Sri Lanka tours,10,The Real Cost of Travel in Sri Lanka,https://www.bemytravelmuse.com/cost-of-travel-in-sri-lanka/,"Jan 20, 2019 ... Like most countries, Sri Lanka can be seen on a backpacker budget, or one can spend a small ..."
Affordable Sri Lanka tours,11,Sri Lanka - Trip Report | Country 129/197 | South Asia | Roadto197,https://www.roadto197.com/2022/03/02/trip-report-sri-lanka/,"Mar 2, 2022 ... However, some trains are fully booked and we did not want to risk it. hotel view ella sri lanka Hotels in Sri Lanka are usually cheap and offer ..."
Affordable Sri Lanka tours,12,Sri Lanka Tour Packages | Holiday & Vacation Packages,https://tourhub.co/sri-lanka-tour-packages,"Sri Lanka tour packages. Find perfect tours and trips to enjoy your vacations or holidays in Sri Lanka with tourhub. Explorer photo, review and more."
Affordable Sri Lanka tours,13,Why Hire a Driver in Sri Lanka — outofofficegal,https://outofofficegal.com/blog/why-hire-a-driver-in-sri-lanka,"Nov 1, 2019 ... When I first decided to visit Sri Lanka, I went back and forth on ... But Nilantha was great at showing me the more affordable restaurants and ..."
Affordable Sri Lanka tours,14,Sri Lanka travel notes - Marginal REVOLUTION,https://marginalrevolution.com/marginalrevolution/2023/07/sri-lanka-travel-notes.html,"Jul 29, 2023 ... Sri Lanka travel notes. by Tyler Cowen July 29, 2023 at 12:04 ... affordable prices - all packaged into into a tiny and accessible island."
Affordable Sri Lanka tours,15,Sri Lanka With Kids 2024- The Best Guide For Families,https://travelmadmum.com/visitng-sri-lanka-with-kids/,"Oct 1, 2024 ... sri lanka holidays with kids. Friendly Sri Lankan making crafts with Lillys. Sri Lankans ..."
Affordable Sri Lanka tours,16,My Spending Breakdown While Travelling in the Maldives and Sri ...,https://kendrickuy.com/2022/06/18/travelling-in-the-maldives/,"Jun 18, 2022 ... The biggest expense on my trip to Sri Lanka, Maldives, and Nepal are flights. ... Travelling in Sri Lanka is supposed to be cheap. And ..."
Affordable Sri Lanka tours,17,Sri Lanka on $10 Per Day: Budget Travel Guide,https://migrationology.com/cost-of-travel-in-sri-lanka-budget-guide/,"Get exclusive updates · Vegetarian curry and rice – 100 LKR ($0.91) · Fish curry and rice (includes veggie dishes too) – 150 LKR · Huge feast of paratha, daal, ..."
Affordable Sri Lanka tours,18,10 Best Sri Lanka Budget Tour Companies & Reviews |...,https://www.travelstride.com/tc/sri-lanka-budget-tour-companies,"Expert & traveler reviews, photos, videos, itineraries. Find the best Sri Lanka Budget tour company for your style and budget: Exodus Travels,..."
Affordable Sri Lanka tours,19,The Ultimate 7 Day Sri Lanka Itinerary in the South. | The Midnight ...,https://www.midnightblueelephant.com/7-day-sri-lanka-itinerary/,"Jan 25, 2024 ... while Sri Lanka is a fairly affordable country to travel in, you will find it more expensive than some of its neighboring countries ..."
Affordable Sri Lanka tours,20,Sri Lanka Travel Guide (Updated 2024),https://www.nomadicmatt.com/travel-blogs/sri-lanka-trip-planning-guide/,"Sep 13, 2024 ... Overall, I would say you wouldn't need more than a budget of 10,000-13,000 LKR per day. The country is very cheap, especially if you stick to ..."
Thailand tours from Sri Lanka,1,Thailand Tour Packages From Sri Lanka - Travelco Holidays,https://travelco.lk/thailand-tour-packages/,"Thailand Tour Packages From Sri Lanka · Explore Bangkok · Package Details · LKR 118,000 · Starting price · Bangkok & Pattaya · Package Details · LKR 125,000 ..."
Thailand tours from Sri Lanka,2,Thailand Tours From Sri Lanka | Thailand Holiday Packages,https://overatours.com/thailand-tours-from-sri-lanka/,"We have a broad range of Thailand tour packages from Sri Lanka to fulfill your distinct requirements, no matter your inner desire to land in this amazing ..."
Thailand tours from Sri Lanka,3,Thailand Tour Packages From Sri Lanka - Olanka Travels,https://www.olankatravels.com/tours/thailand/,Thailand Tour Packages 04 Days of Samui Beach Break Thailand More information 05 Days of Bangkok & Pattaya Thailand More information
Thailand tours from Sri Lanka,4,Thailand or Sri Lanka?? - Thailand Forum - Tripadvisor,https://www.tripadvisor.com/ShowTopic-g293915-i3686-k6687375-Thailand_or_Sri_Lanka-Thailand.html,"Jul 20, 2013 ... Answer 1 of 10: Hello, I'm looking to book my honeymoon for February next year and can't decide where to go. Every travel agent gives me ..."
Thailand tours from Sri Lanka,5,Sri Lanka Multi-Centre Holiday With Thailand | Travel Nation,https://travelnation.co.uk/blog/a-3-week-extravaganza-sri-lanka-multi-centre-holiday-with-thailand,"A Sri Lanka multi-centre holiday with some beach time in Thailand at the end. This is my 3-week itinerary, to give you an idea of what's possible."
Thailand tours from Sri Lanka,6,Thailand Tour packages from Sri Lanka 2025 - Ceysaid,https://ceysaid.lk/location/thailand-tour-packages/,Enjoy the beauty of Thailand with Ceysaid tour packages from Sri Lanka. Discover your perfect Thailand tour packages with our last-minute inclusive deals.
Thailand tours from Sri Lanka,7,Thailand to srilanka??? Worth it? : r/srilanka,https://www.reddit.com/r/srilanka/comments/1aiuob2/thailand_to_srilanka_worth_it/,"Feb 4, 2024 ... Sri Lanka is much, much cleaner than Thailand, not nearly as much litter. Enjoyed learning the history in both countries, in Sri Lanka the ..."
Thailand tours from Sri Lanka,8,Thailand Sri Lanka Tours & Trip Packages,https://www.travelstride.com/trip-list/thailand?countries=sri-lanka,Paradise Untouched: Thailand Honeymoon Packages · Taste and learn to cook authentic Thai cuisine · Experience a monk chanting in an ancient temple · Explore by ...
Thailand tours from Sri Lanka,9,Thailand or Sri Lanka for 30 Days Remote Work and Vacation? : r ...,https://www.reddit.com/r/ThailandTourism/comments/16cilpy/thailand_or_sri_lanka_for_30_days_remote_work_and/,"Sep 7, 2023 ... Sri Lanka is definitely way more relaxed and doesn't cater to tourism quite as much as Thailand. It has amazing food, nice historical/cultural ..."
Thailand tours from Sri Lanka,10,"Bali/Lombok, Cambodja, Thailand or Sri Lanka? - Travellerspoint ...",https://www.travellerspoint.com/forum.cfm?thread=93467,"We would like to travel around (any kind of transport), do some hikings, do some snorkelling, etc... a typical backpacker trip. Our budget is at maximum €2500."
Thailand tours from Sri Lanka,11,DTH Travel: Home,https://dth.travel/,Philippines · Singapore · Sri Lanka · Thailand · Vietnam. Holiday Finder. Tours · Hotels · Beach · Culture · Nature & Adventure · Luxury · Go Local · MICE ...
Thailand tours from Sri Lanka,12,Thailand vs. India and/or Sri Lanka - Fodor's Travel Talk Forums,https://www.fodors.com/community/asia/thailand-vs-india-and-or-sri-lanka-456484/,Periyar would certainly work fro Cochin. Yala is also a good choice. (I think the Sri Lanka experience in Yala is better than an safaris I have done in India.)
Thailand tours from Sri Lanka,13,Solo Female Travel Thailand - Beach Bum Adventure,https://beachbumadventure.com/solo-female-travel-thailand/,"Jun 4, 2024 ... ... Sri Lanka and India. Female Solo Travel Thailand: Is Thailand safe for solo travel? Yes, absolutely. If it's your first solo trip, then ..."
Thailand tours from Sri Lanka,14,Thailand Tour Package - Classic Travel,https://www.classictravel.lk/individual-offer/leisure/offer/thailand-tour-package,"LKR 185,900 per person on a double sharing basis ... Escape to the tranquil beauty of Chiang Mai and Chiang Rai in Thailand! Your 4-night adventure awaits, ..."
Thailand tours from Sri Lanka,15,Adventurous Travel | CAPTAINS LOG || Thailand to Sri Lanka - Day ...,https://www.instagram.com/wewentsailing/p/C4q-a-qSx5M/,"Mar 18, 2024 ... 527 likes, 80 comments - wewentsailing on March 18, 2024: ""CAPTAINS LOG || Thailand to Sri Lanka - Day 7 This passage has (so far) been one ..."
Thailand tours from Sri Lanka,16,Thailand Tour Packages from Sri Lanka | Ceyline Travels,https://www.ceylinetravels.lk/outbound-tours/thailand-tour-packages-from-sri-lanka/,"Find the best Thailand tour packages from Sri Lanka at Ceyline Travels, the best outbound travel agent for customized tours to visit Thailand."
Thailand tours from Sri Lanka,17,The ULTIMATE South East Asia Travel Guide | Away Lands | Away ...,https://www.awaylands.com/story/the-ultimate-south-east-asia-travel-guide,"Jul 14, 2017 ... From Thailand to Taipei, Sri Lanka to Vietnam - where to go, where to eat, and what to avoid."
Thailand tours from Sri Lanka,18,Discova: Home,https://www.discova.com/,"Your Global Destination Management Company. Specialists in tailor-made, group, and educational travel. Think of us as your people on the ground, ..."
Thailand tours from Sri Lanka,19,Why Sri Lanka is becoming the next Bali,https://feelfreetravel.com/blog/bucket-list-inspo/sri-lanka-the-next-bali/,"Sep 5, 2022 ... 1 Destination to travel in 2019' it is fast becoming a backpacking hotspot. With a rise of quirky hostels, Melbourne style brunch spots and an ..."
Thailand tours from Sri Lanka,20,Sri Lanka or Thailand ? - Sri Lanka Message Board - Tripadvisor,https://www.tripadvisor.co.uk/ShowTopic-g293961-i8983-k8631919-Sri_Lanka_or_Thailand-Sri_Lanka.html,"Jul 8, 2015 ... Wildlife safaris are possible more or less as day trips from that coast too, they're 6-9 AM and 3-6 PM and the nearest parks are 2 hours drive ..."
